"","filename","well","assay_variable","sample_category","biological_replicates","name","Fluorophore","Min.","1st Qu.","Median","Mean","3rd Qu.","Max.","mean_medians"
"1","A07 Well - A07 WLSM.fcs","A07","Putida","negative",1,"Putida /negative","mScarlet-I-A",-390.069458007812,-58.1576623916626,3.63667738437653,0.411175230387447,61.6217603683472,330,0.729107255736987
"2","A08 Well - A08 WLSM.fcs","A08","Putida","negative",2,"Putida /negative","mScarlet-I-A",-307.470428466797,-57.2506494522095,0.283698663115501,3.13332637310046,62.1374082565308,446,0.729107255736987
"3","A09 Well - A09 WLSM.fcs","A09","Putida","negative",3,"Putida /negative","mScarlet-I-A",-384.452087402344,-61.091215133667,-1.73305428028107,1.46941970607146,61.2894725799561,473,0.729107255736987
"4","A07 Well - A07 WLSM.fcs","A07","Putida","negative",1,"Putida /negative","mGreenLantern cor-A",-147.8818359375,1.20328038930893,27.2486848831177,29.1317914978327,55.7012271881104,278,29.2046359380086
"5","A08 Well - A08 WLSM.fcs","A08","Putida","negative",2,"Putida /negative","mGreenLantern cor-A",-117.549194335938,3.0518547296524,29.1936445236206,30.7289907495557,56.7551937103271,232,29.2046359380086
"6","A09 Well - A09 WLSM.fcs","A09","Putida","negative",3,"Putida /negative","mGreenLantern cor-A",-207.986480712891,1.64627951383591,31.1715784072876,33.1660017638109,62.8017377853394,292,29.2046359380086
"7","B01 Well - B01 WLSM.fcs","B01","sPK17","negative",1,"sPK17 /negative","mScarlet-I-A",-453.875,-59.689151763916,8.39153957366943,4.72641670242033,70.4183006286621,410,6.10413813591003
"8","B02 Well - B02 WLSM.fcs","B02","sPK17","negative",2,"sPK17 /negative","mScarlet-I-A",-395.456115722656,-58.3284912109375,4.99740266799927,2.75925775486329,66.6571426391602,358,6.10413813591003
"9","B03 Well - B03 WLSM.fcs","B03","sPK17","negative",3,"sPK17 /negative","mScarlet-I-A",-441.058654785156,-60.57275390625,4.9234721660614,3.54665248423692,69.9833068847656,394,6.10413813591003
"10","B01 Well - B01 WLSM.fcs","B01","sPK17","negative",1,"sPK17 /negative","mGreenLantern cor-A",-154.068969726562,5.49694120883942,38.6290016174316,39.7472326446836,72.2585735321045,296,36.7512283325195
"11","B02 Well - B02 WLSM.fcs","B02","sPK17","negative",2,"sPK17 /negative","mGreenLantern cor-A",-141.724090576172,8.16821622848511,36.99267578125,38.7720499562009,67.2148704528809,261,36.7512283325195
"12","B03 Well - B03 WLSM.fcs","B03","sPK17","negative",3,"sPK17 /negative","mGreenLantern cor-A",-109.726379394531,4.94127714633942,34.632007598877,35.6269491587578,64.0725040435791,293,36.7512283325195
"13","A04 Well - A04 WLSM.fcs","A04","S17","negative",1,"S17 /negative","mScarlet-I-A",-441.053070068359,-54.5146827697754,5.75528955459595,3.68594322927166,64.5375347137451,381,6.51030476888021
"14","A05 Well - A05 WLSM.fcs","A05","S17","negative",2,"S17 /negative","mScarlet-I-A",-393.194976806641,-56.5003223419189,6.36397266387939,3.82980104522933,67.2494888305664,379,6.51030476888021
"15","A06 Well - A06 WLSM.fcs","A06","S17","negative",3,"S17 /negative","mScarlet-I-A",-483.583831787109,-53.2497215270996,7.41165208816528,5.79658308312336,68.0534362792969,361,6.51030476888021
"16","A04 Well - A04 WLSM.fcs","A04","S17","negative",1,"S17 /negative","mGreenLantern cor-A",-120.122840881348,-0.387466967105865,25.8316507339478,27.2349617478756,52.7789573669434,204,26.5924065907796
"17","A05 Well - A05 WLSM.fcs","A05","S17","negative",2,"S17 /negative","mGreenLantern cor-A",-136.497863769531,0.56567670404911,26.7743158340454,28.6062176128109,54.9259605407715,244,26.5924065907796
"18","A06 Well - A06 WLSM.fcs","A06","S17","negative",3,"S17 /negative","mGreenLantern cor-A",-134.792449951172,1.45752286911011,27.1712532043457,28.8649112456107,54.4115257263184,296,26.5924065907796
"19","A10 Well - A10 WLSM.fcs","A10","Dam-","negative",1,"Dam- /negative","mScarlet-I-A",-400.829345703125,-58.7141017913818,6.21750068664551,3.95128535272267,70.8526973724365,371,6.87655393282572
"20","A11 Well - A11 WLSM.fcs","A11","Dam-","negative",2,"Dam- /negative","mScarlet-I-A",-473.611297607422,-59.3361358642578,6.91970705986023,4.01534356134976,69.5491542816162,422,6.87655393282572
"21","A12 Well - A12 WLSM.fcs","A12","Dam-","negative",3,"Dam- /negative","mScarlet-I-A",-474.899230957031,-59.4105377197266,7.49245405197144,4.50705830638073,72.060962677002,400,6.87655393282572
"22","A10 Well - A10 WLSM.fcs","A10","Dam-","negative",1,"Dam- /negative","mGreenLantern cor-A",-129.384811401367,5.76127803325653,37.2733097076416,39.6093370139588,71.3636589050293,301,34.96857325236
"23","A11 Well - A11 WLSM.fcs","A11","Dam-","negative",2,"Dam- /negative","mGreenLantern cor-A",-178.701263427734,1.31371247768402,33.1741809844971,34.8513177467855,66.4688663482666,356,34.96857325236
"24","A12 Well - A12 WLSM.fcs","A12","Dam-","negative",3,"Dam- /negative","mGreenLantern cor-A",-160.21142578125,0.970245957374573,34.4582290649414,36.3793374169865,69.5471858978271,303,34.96857325236
"25","A01 Well - A01 WLSM.fcs","A01","MG1655","negative",1,"MG1655 /negative","mScarlet-I-A",-474.003143310547,-54.6473693847656,9.07134056091309,6.41422408197947,69.6047058105469,400,8.21474186579386
"26","A02 Well - A02 WLSM.fcs","A02","MG1655","negative",2,"MG1655 /negative","mScarlet-I-A",-393.333251953125,-56.19211769104,7.41766691207886,5.69135187248823,69.9878120422363,386,8.21474186579386
"27","A03 Well - A03 WLSM.fcs","A03","MG1655","negative",3,"MG1655 /negative","mScarlet-I-A",-395.609222412109,-53.8752326965332,8.15521812438965,5.59614663314147,67.3059558868408,340,8.21474186579386
"28","A01 Well - A01 WLSM.fcs","A01","MG1655","negative",1,"MG1655 /negative","mGreenLantern cor-A",-166.72412109375,-2.74024033546448,26.1330509185791,27.6939266893154,56.0661087036133,291,24.7813940048218
"29","A02 Well - A02 WLSM.fcs","A02","MG1655","negative",2,"MG1655 /negative","mGreenLantern cor-A",-118.494255065918,-0.753017634153366,25.978289604187,28.1909749957938,55.1344327926636,258,24.7813940048218
"30","A03 Well - A03 WLSM.fcs","A03","MG1655","negative",3,"MG1655 /negative","mGreenLantern cor-A",-163.468597412109,-4.75159013271332,22.2328414916992,24.0128493711642,50.1627368927002,250,24.7813940048218
"31","H01 Well - H01 WLSM.fcs","H01","beads/sony",,1,,"mScarlet-I-A",-0.170902863144875,-0.00344261771533638,2.05028954951558e-05,9016.34773915738,0.00751400692388415,379421,9.69834399168212
"32","H01 Well - H01 WLSM_beadsony.fcs","H01","beads/sony",,1,,"mScarlet-I-A",-427.6240234375,-43.8844585418701,19.3966674804688,60986.5183018811,208.621955871582,1082068,9.69834399168212
"33","H01 Well - H01 WLSM.fcs","H01","beads/sony",,1,,"mGreenLantern cor-A",-53.2718544006348,-5.02742767333984,2.05582070350647,5539.8002713825,11.8686861991882,177402,6.91357815265656
"34","H01 Well - H01 WLSM_beadsony.fcs","H01","beads/sony",,1,,"mGreenLantern cor-A",-160.868759155273,-10.7487034797668,11.7713356018066,32829.4737474647,251.472763061523,649626,6.91357815265656
"35","D01 Well - D01 WLSM.fcs","D01","42","Repressed",1,"42 /Repressed","mScarlet-I-A",-436.227661132812,-52.4493789672852,10.3726234436035,8.02980054605686,72.6885757446289,401,10.2390133539836
"36","D02 Well - D02 WLSM.fcs","D02","42","Repressed",2,"42 /Repressed","mScarlet-I-A",-406.739227294922,-53.9631614685059,10.1519575119019,7.66693753297171,72.6800498962402,360,10.2390133539836
"37","D03 Well - D03 WLSM.fcs","D03","42","Repressed",3,"42 /Repressed","mScarlet-I-A",-498.539337158203,-53.0299816131592,10.1924591064453,7.508445699898,70.9957695007324,361,10.2390133539836
"38","D01 Well - D01 WLSM.fcs","D01","42","Repressed",1,"42 /Repressed","mGreenLantern cor-A",-80.8246307373047,141.076400756836,196.452865600586,219.216267538219,262.112060546875,5802,194.098968505859
"39","D02 Well - D02 WLSM.fcs","D02","42","Repressed",2,"42 /Repressed","mGreenLantern cor-A",-53.8127861022949,138.537189483643,192.895919799805,215.39174163488,261.066528320312,2714,194.098968505859
"40","D03 Well - D03 WLSM.fcs","D03","42","Repressed",3,"42 /Repressed","mGreenLantern cor-A",-68.2020950317383,138.75545501709,192.948120117188,212.844648910803,259.313995361328,3556,194.098968505859
"41","C04 Well - C04 WLSM.fcs","C04","42","Maximal",1,"42 /Maximal","mScarlet-I-A",-1394.62585449219,11.5911374092102,113.826976776123,132.442796142879,228.764709472656,1367,87.2894579569499
"42","C05 Well - C05 WLSM.fcs","C05","42","Maximal",2,"42 /Maximal","mScarlet-I-A",-603.57177734375,-9.45628833770752,81.5186309814453,91.2008766046709,181.971363067627,1236,87.2894579569499
"43","C06 Well - C06 WLSM.fcs","C06","42","Maximal",3,"42 /Maximal","mScarlet-I-A",-501.343353271484,-20.2844820022583,66.5227661132812,69.6710356268745,153.097457885742,805,87.2894579569499
"44","C04 Well - C04 WLSM.fcs","C04","42","Maximal",1,"42 /Maximal","mGreenLantern cor-A",-884.8798828125,690.839660644531,1600.39910888672,2488.04919044405,3126.57385253906,276517,1278.48657226562
"45","C05 Well - C05 WLSM.fcs","C05","42","Maximal",2,"42 /Maximal","mGreenLantern cor-A",-1082.01696777344,564.003570556641,1190.17425537109,1665.38191756072,2211.47283935547,106260,1278.48657226562
"46","C06 Well - C06 WLSM.fcs","C06","42","Maximal",3,"42 /Maximal","mGreenLantern cor-A",-796.16943359375,526.005615234375,1044.88635253906,1470.58871231247,1919.1455078125,113216,1278.48657226562
"47","C01 Well - C01 WLSM.fcs","C01","76","negative",1,"76 /negative","mScarlet-I-A",-415.857635498047,-51.0871868133545,11.6028890609741,9.62223881117523,71.9227294921875,378,10.5514945983887
"48","C02 Well - C02 WLSM.fcs","C02","76","negative",2,"76 /negative","mScarlet-I-A",-444.071868896484,-56.375678062439,9.94050312042236,6.50423333913402,70.7974700927734,411,10.5514945983887
"49","C03 Well - C03 WLSM.fcs","C03","76","negative",3,"76 /negative","mScarlet-I-A",-517.985900878906,-55.6360883712769,10.1110916137695,8.27606677536008,76.0247573852539,421,10.5514945983887
"50","C01 Well - C01 WLSM.fcs","C01","76","negative",1,"76 /negative","mGreenLantern cor-A",-134.939453125,-4.08675932884216,22.3581428527832,24.4823188691032,50.8383483886719,307,24.6874424616496
"51","C02 Well - C02 WLSM.fcs","C02","76","negative",2,"76 /negative","mGreenLantern cor-A",-369.113922119141,-7.27785563468933,25.3937139511108,28.3355948190609,60.7977142333984,345,24.6874424616496
"52","C03 Well - C03 WLSM.fcs","C03","76","negative",3,"76 /negative","mGreenLantern cor-A",-303.968322753906,-7.93888604640961,26.3104705810547,30.1769916924457,64.2075614929199,362,24.6874424616496
"53","G03 Well - G03 WLSM.fcs","G03","PBS","negative",2,"PBS /negative","mScarlet-I-A",-217.451126098633,-40.4794731140137,12.483377456665,9.42361332940916,56.8967475891113,236,12.483377456665
"54","G03 Well - G03 WLSM.fcs","G03","PBS","negative",2,"PBS /negative","mGreenLantern cor-A",-96.4152603149414,-16.8763065338135,1.68137502670288,1.06190584648953,18.7316341400146,90,1.68137502670288
"55","B04 Well - B04 WLSM.fcs","B04","sPK18","negative",1,"sPK18 /negative","mScarlet-I-A",-619.798461914062,-58.155740737915,42.4744415283203,40.3556852304393,141.213684082031,625,43.2159296671549
"56","B05 Well - B05 WLSM.fcs","B05","sPK18","negative",2,"sPK18 /negative","mScarlet-I-A",-686.763061523438,-55.7642230987549,46.434778213501,44.7368036256392,146.038726806641,610,43.2159296671549
"57","B06 Well - B06 WLSM.fcs","B06","sPK18","negative",3,"sPK18 /negative","mScarlet-I-A",-549.270812988281,-58.2194023132324,40.7385692596436,40.1125326416575,141.627075195312,595,43.2159296671549
"58","B04 Well - B04 WLSM.fcs","B04","sPK18","negative",1,"sPK18 /negative","mGreenLantern cor-A",54.9196357727051,4014.78234863281,4705.166015625,4797.74370708013,5490.05786132812,12809.068359375,4857.9140625
"59","B05 Well - B05 WLSM.fcs","B05","sPK18","negative",2,"sPK18 /negative","mGreenLantern cor-A",-41.8157386779785,4180.35510253906,4893.85205078125,4994.60697904275,5723.69165039062,12672.357421875,4857.9140625
"60","B06 Well - B06 WLSM.fcs","B06","sPK18","negative",3,"sPK18 /negative","mGreenLantern cor-A",-25.0694274902344,4192.82897949219,4974.72412109375,5093.89898792763,5881.7548828125,13823.8974609375,4857.9140625
"61","D04 Well - D04 WLSM.fcs","D04","F1","Repressed",1,"F1 /Repressed","mScarlet-I-A",-298.953460693359,0.842230945825577,65.9552459716797,71.9288043061397,136.771286010742,624,64.0637982686361
"62","D05 Well - D05 WLSM.fcs","D05","F1","Repressed",2,"F1 /Repressed","mScarlet-I-A",-314.327117919922,3.05523270368576,69.163330078125,74.7117289375287,141.186901092529,2462,64.0637982686361
"63","D06 Well - D06 WLSM.fcs","D06","F1","Repressed",3,"F1 /Repressed","mScarlet-I-A",-317.715759277344,-10.9720973968506,57.0728187561035,64.8596590892664,134.195114135742,849,64.0637982686361
"64","D04 Well - D04 WLSM.fcs","D04","F1","Repressed",1,"F1 /Repressed","mGreenLantern cor-A",-119.190460205078,-8.21486711502075,14.9263806343079,16.514229379313,39.5369958877563,193,15.2866965929667
"65","D05 Well - D05 WLSM.fcs","D05","F1","Repressed",2,"F1 /Repressed","mGreenLantern cor-A",-124.619941711426,-6.26112508773804,16.3825635910034,17.8820494052594,40.611346244812,176,15.2866965929667
"66","D06 Well - D06 WLSM.fcs","D06","F1","Repressed",3,"F1 /Repressed","mGreenLantern cor-A",-134.178588867188,-10.0356554985046,14.5511455535889,16.2520062991204,40.6354656219482,240,15.2866965929667
"67","C07 Well - C07 WLSM.fcs","C07","F1","Maximal",1,"F1 /Maximal","mScarlet-I-A",-337.453308105469,2809.55810546875,3482.47058105469,3696.58800711877,4297.03527832031,20144.3515625,3582.88496907552
"68","C08 Well - C08 WLSM.fcs","C08","F1","Maximal",2,"F1 /Maximal","mScarlet-I-A",-941.391845703125,2723.1962890625,3715.79174804688,4149.33690723701,5100.51123046875,20658.091796875,3582.88496907552
"69","C09 Well - C09 WLSM.fcs","C09","F1","Maximal",3,"F1 /Maximal","mScarlet-I-A",-268.764312744141,2857.62219238281,3550.392578125,3773.31104518497,4386.80615234375,19242.4765625,3582.88496907552
"70","C07 Well - C07 WLSM.fcs","C07","F1","Maximal",1,"F1 /Maximal","mGreenLantern cor-A",-252.347137451172,-21.9345226287842,7.95821762084961,6.32281126743525,36.4420652389526,185,11.1720530192057
"71","C08 Well - C08 WLSM.fcs","C08","F1","Maximal",2,"F1 /Maximal","mGreenLantern cor-A",-210.107894897461,-13.9051284790039,18.0348091125488,16.1771130632353,47.9051933288574,226,11.1720530192057
"72","C09 Well - C09 WLSM.fcs","C09","F1","Maximal",3,"F1 /Maximal","mGreenLantern cor-A",-249.732421875,-23.5562515258789,7.52313232421875,5.75472341119697,37.1400375366211,164,11.1720530192057
"73","F01 Well - F01 WLSM.fcs","F01","76/Dam-","negative",1,"76/Dam- /negative","mScarlet-I-A",-6502.0673828125,-83.2767467498779,169.207389831543,192.162187096512,444.322784423828,2830,174.855534871419
"74","F02 Well - F02 WLSM.fcs","F02","76/Dam-","negative",2,"76/Dam- /negative","mScarlet-I-A",-1178.54772949219,-34.1564064025879,188.530609130859,204.971155339306,419.530044555664,3033,174.855534871419
"75","F03 Well - F03 WLSM.fcs","F03","76/Dam-","negative",3,"76/Dam- /negative","mScarlet-I-A",-4130.65869140625,-86.3015995025635,166.828605651855,194.70836431459,442.789642333984,3640,174.855534871419
"76","F01 Well - F01 WLSM.fcs","F01","76/Dam-","negative",1,"76/Dam- /negative","mGreenLantern cor-A",173.518112182617,43241.8017578125,51261.009765625,53202.8581364745,60698.9375,195029,50800.833984375
"77","F02 Well - F02 WLSM.fcs","F02","76/Dam-","negative",2,"76/Dam- /negative","mGreenLantern cor-A",431.394378662109,42385.126953125,50512.65625,52600.3381133029,60263.3984375,210729,50800.833984375
"78","F03 Well - F03 WLSM.fcs","F03","76/Dam-","negative",3,"76/Dam- /negative","mGreenLantern cor-A",-30.4824523925781,42200.5361328125,50628.8359375,53020.0861738817,60791.6435546875,251314,50800.833984375
"79","D07 Well - D07 WLSM.fcs","D07","pKJK5","Repressed",1,"pKJK5 /Repressed","mScarlet-I-A",-1768.73266601562,416.790771484375,805.213623046875,950.122377250788,1349.62731933594,6965,719.164306640625
"80","D08 Well - D08 WLSM.fcs","D08","pKJK5","Repressed",2,"pKJK5 /Repressed","mScarlet-I-A",-1295.41735839844,386.887504577637,642.911499023438,706.740929094595,963.084869384766,3632,719.164306640625
"81","D09 Well - D09 WLSM.fcs","D09","pKJK5","Repressed",3,"pKJK5 /Repressed","mScarlet-I-A",-1726.044921875,414.066955566406,709.367797851562,798.043689994432,1100.70166015625,4018,719.164306640625
"82","D07 Well - D07 WLSM.fcs","D07","pKJK5","Repressed",1,"pKJK5 /Repressed","mGreenLantern cor-A",-1406.3525390625,23.0643711090088,199.816268920898,248.182629777371,411.097717285156,18895.171875,210.852307637533
"83","D08 Well - D08 WLSM.fcs","D08","pKJK5","Repressed",2,"pKJK5 /Repressed","mGreenLantern cor-A",-766.548645019531,122.281259536743,236.428215026855,268.360283502979,377.251327514648,4890,210.852307637533
"84","D09 Well - D09 WLSM.fcs","D09","pKJK5","Repressed",3,"pKJK5 /Repressed","mGreenLantern cor-A",-912.109497070312,80.8346939086914,196.312438964844,226.161481931104,338.983428955078,5865,210.852307637533
"85","C10 Well - C10 WLSM.fcs","C10","pKJK5","Maximal",1,"pKJK5 /Maximal","mScarlet-I-A",-443.683898925781,140.69181060791,270.699600219727,286.656975918016,411.449508666992,1672,190.4716796875
"86","C11 Well - C11 WLSM.fcs","C11","pKJK5","Maximal",2,"pKJK5 /Maximal","mScarlet-I-A",-1754.94445800781,95.1059150695801,217.274002075195,232.964105112025,350.303100585938,1669,190.4716796875
"87","C12 Well - C12 WLSM.fcs","C12","pKJK5","Maximal",3,"pKJK5 /Maximal","mScarlet-I-A",-556.695983886719,-14.9167098999023,83.4414367675781,83.425725291888,182.334243774414,714,190.4716796875
"88","C10 Well - C10 WLSM.fcs","C10","pKJK5","Maximal",1,"pKJK5 /Maximal","mGreenLantern cor-A",-439.410736083984,5560.02600097656,7129.15795898438,7840.29066725214,9589.30004882812,55016,6803.29630533854
"89","C11 Well - C11 WLSM.fcs","C11","pKJK5","Maximal",2,"pKJK5 /Maximal","mGreenLantern cor-A",-738.499145507812,5347.28662109375,6730.75244140625,7281.30102118357,8689.58154296875,36283,6803.29630533854
"90","C12 Well - C12 WLSM.fcs","C12","pKJK5","Maximal",3,"pKJK5 /Maximal","mGreenLantern cor-A",-146.514892578125,5428.04736328125,6549.978515625,6635.40651528217,7800.74755859375,26528.197265625,6803.29630533854
"91","E07 Well - E07 WLSM.fcs","E07","48","Repressed",1,"48 /Repressed","mScarlet-I-A",-1192.03967285156,-43.9548254013062,197.732460021973,216.968837045939,454.379745483398,2904,191.128138224284
"92","E08 Well - E08 WLSM.fcs","E08","48","Repressed",2,"48 /Repressed","mScarlet-I-A",-1012.88232421875,-23.4048271179199,188.784141540527,206.10559686399,417.526489257812,2214,191.128138224284
"93","E09 Well - E09 WLSM.fcs","E09","48","Repressed",3,"48 /Repressed","mScarlet-I-A",-910.372314453125,-30.1294174194336,186.867813110352,198.663915579992,411.458435058594,2449,191.128138224284
"94","E07 Well - E07 WLSM.fcs","E07","48","Repressed",1,"48 /Repressed","mGreenLantern cor-A",-179.277679443359,41120.908203125,49016.802734375,50874.2412554615,58404.8779296875,240678,49877.5006510417
"95","E08 Well - E08 WLSM.fcs","E08","48","Repressed",2,"48 /Repressed","mGreenLantern cor-A",11.5407428741455,41180.107421875,48938.0625,50746.0089464227,58236.56640625,211123,49877.5006510417
"96","E09 Well - E09 WLSM.fcs","E09","48","Repressed",3,"48 /Repressed","mGreenLantern cor-A",20.6639175415039,43610.51953125,51677.63671875,53522.8624750532,61247.59375,158083,49877.5006510417
"97","B07 Well - B07 WLSM.fcs","B07","48","Maximal",1,"48 /Maximal","mScarlet-I-A",-676.596496582031,92659.4921875,104338.515625,106910.56478428,118820.2421875,240948,133378.942708333
"98","B08 Well - B08 WLSM.fcs","B08","48","Maximal",2,"48 /Maximal","mScarlet-I-A",-367.524475097656,93780.81640625,106303.234375,108607.301068511,121214.43359375,243960,133378.942708333
"99","B09 Well - B09 WLSM.fcs","B09","48","Maximal",3,"48 /Maximal","mScarlet-I-A",-525.309387207031,130158.21484375,189495.078125,212929.138512731,266455.984375,1155725,133378.942708333
"100","B07 Well - B07 WLSM.fcs","B07","48","Maximal",1,"48 /Maximal","mGreenLantern cor-A",-636.48681640625,-78.6842651367188,5.006591796875,3.24332906732993,88.45556640625,489,201.783569335938
"101","B08 Well - B08 WLSM.fcs","B08","48","Maximal",2,"48 /Maximal","mGreenLantern cor-A",-470.316955566406,-42.7693176269531,44.5035400390625,58.9338035960912,144.055419921875,853,201.783569335938
"102","B09 Well - B09 WLSM.fcs","B09","48","Maximal",3,"48 /Maximal","mGreenLantern cor-A",-486.033325195312,308.064163208008,555.840576171875,658.703106273868,902.286987304688,5754,201.783569335938
"103","G01 Well - G01 WLSM_beads.fcs","G01","Beads",,1,,"mScarlet-I-A",-644.811889648438,-11.1678857803345,206.558822631836,124192.159283287,53336.4296875,1094652,206.558822631836
"104","G01 Well - G01 WLSM_beads.fcs","G01","Beads",,1,,"mGreenLantern cor-A",-454.290924072266,3.56695866584778,308.328216552734,66402.7618200082,28076.4921875,655829,308.328216552734
"105","E01 Well - E01 WLSM.fcs","E01","48/sPK17","Repressed",1,"48/sPK17 /Repressed","mScarlet-I-A",-245.53369140625,147.954948425293,252.362365722656,355.675096996243,371.544525146484,113066,238.883745829264
"106","E02 Well - E02 WLSM.fcs","E02","48/sPK17","Repressed",2,"48/sPK17 /Repressed","mScarlet-I-A",-265.067596435547,138.095245361328,238.184173583984,312.821250985648,353.305603027344,122635,238.883745829264
"107","E03 Well - E03 WLSM.fcs","E03","48/sPK17","Repressed",3,"48/sPK17 /Repressed","mScarlet-I-A",-237.440368652344,130.39714050293,226.104698181152,313.150121850544,337.634628295898,104555,238.883745829264
"108","E01 Well - E01 WLSM.fcs","E01","48/sPK17","Repressed",1,"48/sPK17 /Repressed","mGreenLantern cor-A",-133.132415771484,10.4715585708618,42.0004119873047,43.5906406681946,74.5242691040039,529,40.0678393046061
"109","E02 Well - E02 WLSM.fcs","E02","48/sPK17","Repressed",2,"48/sPK17 /Repressed","mGreenLantern cor-A",-117.455276489258,9.76976156234741,38.4569702148438,40.2651884390866,68.7519340515137,326,40.0678393046061
"110","E03 Well - E03 WLSM.fcs","E03","48/sPK17","Repressed",3,"48/sPK17 /Repressed","mGreenLantern cor-A",-120.635757446289,12.8660678863525,39.7461357116699,41.9767778604447,68.8133945465088,371,40.0678393046061
"111","E10 Well - E10 WLSM.fcs","E10","51","Repressed",1,"51 /Repressed","mScarlet-I-A",-767.845031738281,70.1492500305176,279.491058349609,299.506474626874,508.739280700684,3038,285.765853881836
"112","E11 Well - E11 WLSM.fcs","E11","51","Repressed",2,"51 /Repressed","mScarlet-I-A",-1116.99572753906,92.6634292602539,318.562301635742,340.955010566803,565.120590209961,3921,285.765853881836
"113","E12 Well - E12 WLSM.fcs","E12","51","Repressed",3,"51 /Repressed","mScarlet-I-A",-1145.31494140625,3.27779757976532,259.244201660156,275.198628005938,516.534057617188,2845,285.765853881836
"114","E10 Well - E10 WLSM.fcs","E10","51","Repressed",1,"51 /Repressed","mGreenLantern cor-A",393.774627685547,43320.37890625,51226.390625,53047.182043802,60552.2470703125,249740,50835.0397135417
"115","E11 Well - E11 WLSM.fcs","E11","51","Repressed",2,"51 /Repressed","mGreenLantern cor-A",19.6867389678955,42577.2890625,50502.447265625,52575.2896154286,60485.6044921875,284187,50835.0397135417
"116","E12 Well - E12 WLSM.fcs","E12","51","Repressed",3,"51 /Repressed","mGreenLantern cor-A",-57.666130065918,42843.5830078125,50776.28125,52471.7869669979,60073.701171875,193151,50835.0397135417
"117","B10 Well - B10 WLSM.fcs","B10","51","Maximal",1,"51 /Maximal","mScarlet-I-A",-546.484802246094,2277.29174804688,2888.50390625,3182.84799290166,3777.84643554688,20238.189453125,3380.68790690104
"118","B11 Well - B11 WLSM.fcs","B11","51","Maximal",2,"51 /Maximal","mScarlet-I-A",-576.405334472656,2781.9892578125,4443.41064453125,5179.07460556962,6770.87548828125,33560,3380.68790690104
"119","B12 Well - B12 WLSM.fcs","B12","51","Maximal",3,"51 /Maximal","mScarlet-I-A",-766.401733398438,2178.91882324219,2810.14916992188,3111.87079471848,3695.92028808594,30376.107421875,3380.68790690104
"120","B10 Well - B10 WLSM.fcs","B10","51","Maximal",1,"51 /Maximal","mGreenLantern cor-A",-164.384384155273,2.2718391418457,33.7322769165039,36.4255398832254,68.1701850891113,333,32.7396659851074
"121","B11 Well - B11 WLSM.fcs","B11","51","Maximal",2,"51 /Maximal","mGreenLantern cor-A",-602.708862304688,-12.3114356994629,31.6329689025879,34.0097101757188,78.0353698730469,482,32.7396659851074
"122","B12 Well - B12 WLSM.fcs","B12","51","Maximal",3,"51 /Maximal","mGreenLantern cor-A",-192.728637695312,0.723344802856445,32.8537521362305,35.622682453426,67.7625923156738,301,32.7396659851074
"123","E04 Well - E04 WLSM.fcs","E04","48/sPK18","Repressed",1,"48/sPK18 /Repressed","mScarlet-I-A",-3620.658203125,-43.9290952682495,235.075836181641,372.389191040458,505.561462402344,121829,356.743245442708
"124","E05 Well - E05 WLSM.fcs","E05","48/sPK18","Repressed",2,"48/sPK18 /Repressed","mScarlet-I-A",-807.903381347656,219.819747924805,390.232421875,450.927332586831,570.301940917969,114333,356.743245442708
"125","E06 Well - E06 WLSM.fcs","E06","48/sPK18","Repressed",3,"48/sPK18 /Repressed","mScarlet-I-A",-508.069030761719,285.409759521484,444.921478271484,628.169609351786,625.745910644531,249190,356.743245442708
"126","E04 Well - E04 WLSM.fcs","E04","48/sPK18","Repressed",1,"48/sPK18 /Repressed","mGreenLantern cor-A",-251.163040161133,4223.40478515625,5500.48510742188,6171.81164605563,7559.91345214844,25779.029296875,4859.78361002604
"127","E05 Well - E05 WLSM.fcs","E05","48/sPK18","Repressed",2,"48/sPK18 /Repressed","mGreenLantern cor-A",-241.903228759766,3792.0390625,4572.60595703125,4708.26300865856,5461.4228515625,14384.1884765625,4859.78361002604
"128","E06 Well - E06 WLSM.fcs","E06","48/sPK18","Repressed",3,"48/sPK18 /Repressed","mGreenLantern cor-A",-76.9648513793945,3753.57202148438,4506.259765625,4634.21242114737,5405.9951171875,12431.3583984375,4859.78361002604
"129","D10 Well - D10 WLSM.fcs","D10","48/Dam-","Maximal",1,"48/Dam- /Maximal","mScarlet-I-A",-2254.54174804688,188141.484375,222725.40625,232869.922488744,266841.8046875,675806,217153.739583333
"130","D11 Well - D11 WLSM.fcs","D11","48/Dam-","Maximal",2,"48/Dam- /Maximal","mScarlet-I-A",-1551.02868652344,173989.03515625,210250.15625,219536.355032462,255565.25,734437,217153.739583333
"131","D12 Well - D12 WLSM.fcs","D12","48/Dam-","Maximal",3,"48/Dam- /Maximal","mScarlet-I-A",-1938.95104980469,183823.0234375,218485.65625,228203.992304683,261886.21875,651655,217153.739583333
"132","D10 Well - D10 WLSM.fcs","D10","48/Dam-","Maximal",1,"48/Dam- /Maximal","mGreenLantern cor-A",-1569.19775390625,105.187728881836,240.645080566406,260.688931490066,388.562683105469,2037,216.294942220052
"133","D11 Well - D11 WLSM.fcs","D11","48/Dam-","Maximal",2,"48/Dam- /Maximal","mGreenLantern cor-A",-1222.78271484375,77.8827514648438,211.542114257812,231.214052681943,356.500595092773,2009,216.294942220052
"134","D12 Well - D12 WLSM.fcs","D12","48/Dam-","Maximal",3,"48/Dam- /Maximal","mGreenLantern cor-A",-1214.87145996094,66.4498291015625,196.697631835938,219.21961119826,340.761779785156,2087,216.294942220052
"135","G04 Well - G04 WLSM.fcs","G04",,,,,"mScarlet-I-A",-259.856628417969,-38.3038787841797,13.3502826690674,10.8116336778965,59.8629455566406,255,13.3502826690674
"136","G04 Well - G04 WLSM.fcs","G04",,,,,"mGreenLantern cor-A",-110.125984191895,-13.7500696182251,2.17382621765137,0.434827939170024,15.7310733795166,71,2.17382621765137
